﻿Designator,Footprint,Quantity,Value,LCSC Part #
"@HOLE0, @HOLE1",,2,,
C1,0805,1,1u,
"D1, D2, D5",D_SOD-323,3,SD05_SOD323,
D4,SMB_L4.6-W3.6-LS5.3-RD,1,SK44BL-TP,C151740
J2,PinHeader_1x02_P2.54mm_Vertical,1,Conn_01x02,
J3,1X07_LOCK_513,1,Conn_01x07_Pin,
J4,1X04_NO_SILK_513,1,Conn_01x04_Pin,
P1,USB_C_Receptacle_HRO_TYPE-C-31-M-12,1,USB_C_Plug_USB2.0,C223907
"R1, R2",RES-SMD_RK10J11R0A0H,2,RK10J11R0A0H,C470766
R40,0603,1,10k,
SW1,SW-SMD_MK-12C03-G015,1,MK-12C03-G015,C2890358
"SW3, SW4",K2-1114SA-A4SW-06,2,SW_Push,C136662
U1,DFN-6-1EP_2x2mm_P0.65mm_EP1.01x1.7mm,1,HUSB237,C22373734
U2,CONN-SMD_4P-P2.00_C2001RS10411M0101RC,1,ZX-PH2.0-WT4P,C7429691
